date,away_team,home_team,week,msf_game_id
2025-09-12,WAS,GB,2,
2025-09-14,CAR,ARI,2,
2025-09-14,CLE,BAL,2,
2025-09-14,JAX,CIN,2,
2025-09-14,NYG,DAL,2,
2025-09-14,CHI,DET,2,
2025-09-14,DEN,IND,2,
2025-09-14,PHI,KC,2,
2025-09-14,NE,MIA,2,
2025-09-14,SF,NO,2,
2025-09-14,BUF,NYJ,2,
2025-09-14,SEA,PIT,2,
2025-09-14,LA,TEN,2,
2025-09-15,TB,HOU,2,
2025-09-15,ATL,MIN,2,
2025-09-16,LAC,LV,2,
